"word","value"
"abomination",1
"abshole",1
"absolute zero",1
"accident",1
"acrotomophile",1
"addle-brain",1
"addle head",1
"addle pate",1
"airhead",1
"alcatote",1
"anarchist",1
"animal",1
"animal food trough wiper",1
"antilesbian",1
"anus",1
"anushole",1
"anus licker",1
"ape",1
"apefucker",1
"arse",1
"arsebadger",1
"arsebreath",1
"arseface",1
"arsehole",1
"arse-licker",1
"ass",1
"assaholic",1
"ass bag",1
"ass bitch",1
"ass clown",1
"asscunt",1
"assface",1
"assfucker",1
"asshat",1
"asshole",1
"asshole licker",1
"ass-kisser",1
"ass licker",1
"ass master",1
"assmonkey",1
"assmouth",1
"assmunch",1
"ass-nugget",1
"ass rammer",1
"ass sucker",1
"asstard",1
"asswagon",1
"assweed",1
"asswhore",1
"asswipe",1
"aunt fucker",1
"baboon",1
"baby",1
"baby butcher",1
"baby maker",1
"backstabber",1
"backwoodsman",1
"badass",1
"badasshole",1
"bad bitch",1
"bad boy",1
"baddie",1
"baddy",1
"bad friend",1
"badgerfucker",1
"bad girl",1
"bad guy",1
"bad nut",1
"bad squishies",1
"bad squishy",1
"baduns",1
"bag of dicks",1
"bag of hammers",1
"bag whore",1
"ballkicker",1
"ball licker",1
"ball of rage",1
"balloon head",1
"ballsack",1
"bandit",1
"bangsat",1
"barbarian",1
"Barbie-fucker",1
"barnacle head",1
"bashful Beethoven",1
"basshole",1
"bastard",1
"bawbag",1
"bawtboy",1
"bayard",1
"bean head",1
"bear",1
"beast",1
"beast of burden",1
"beaver",1
"Becky",1
"bedwetter",1
"beetlehead",1
"beggar",1
"beginner",1
"belch",1
"beldame",1
"bell-end",1
"belly button",1
"belly-god",1
"belly itcher",1
"berk",1
"bespawler",1
"beta",1
"beta cuck",1
"biatch",1
"bimbo",1
"birdbrain",1
"birdfucker",1
"birthing person",1
"bish",1
"bitch",1
"bitch-ass",1
"bitch boy",1
"bitchcunt",1
"bitches",1
"bitchface",1
"bitchfucker",1
"bitchtits",1
"bitchwad",1
"bitchwhore",1
"bitchzilla",1
"biter",1
"biznatch",1
"blabbermouth",1
"blackguard",1
"blaggard",1
"bleeder",1
"blockhead",1
"blubber butt",1
"blubber gut",1
"blue meanie",1
"bluntie",1
"bobchin",1
"body-shamer",1
"body snatcher",1
"bogeyman",1
"bonehead",1
"boob",1
"booby",1
"booby turds",1
"booger",1
"booger brain",1
"boomer",1
"bootlicker",1
"booty",1
"boozer",1
"bot",1
"box of dildos",1
"boyfucker",1
"bozo",1
"brainlet",1
"brat",1
"bratface",1
"bread and butter boy",1
"brickfucker",1
"brickhead",1
"brotherfucker",1
"brown nose",1
"brown noser",1
"brute",1
"bubbler",1
"buffoon",1
"bugfucker",1
"bugger",1
"bull",1
"bull dyke",1
"bullfuck",1
"bully",1
"bullyman",1
"bum",1
"bumbo",1
"bum chum",1
"bum-fucker",1
"bum head",1
"bunghole",1
"bungholio",1
"bungleberry",1
"burden",1
"burp",1
"butt",1
"buttass",1
"buttbreath",1
"buttcough",1
"butterhead",1
"buttface",1
"butt farter",1
"buttfucker",1
"butthead",1
"butthole",1
"butt hunter",1
"buttkisser",1
"buttknocker",1
"butt knuckler",1
"buttlicker",1
"butt-lord",1
"buttmunch",1
"butt nugget",1
"butt pirate",1
"butt sniffer",1
"butt tickler",1
"buttwad",1
"butt-wipe",1
"cack",1
"cad",1
"camelfucker",1
"cannibal",1
"carny",1
"carpet muncher",1
"carton girl",1
"cat",1
"catfucker",1
"catnapper",1
"caveman",1
"chatty stranger",1
"chauvinist",1
"chav",1
"cheater",1
"cheese sucker",1
"chickenfucker",1
"chicken shit",1
"childfucker",1
"child predator",1
"chit",1
"choad",1
"chomo",1
"chubby chaser",1
"chucklehead",1
"chump",1
"churl",1
"clart",1
"clit",1
"clitbag",1
"clithead",1
"clit spasm",1
"clod",1
"clown",1
"clumsy clod",1
"clunge",1
"cock",1
"cockalorum",1
"cockbite",1
"cockboy",1
"cockburger",1
"cockfucker",1
"cockhead",1
"cockholster",1
"cock-juggling thunder cunt",1
"cockmaster",1
"cocknose",1
"cockroach",1
"cocksucker",1
"cocktease",1
"cockwaddle",1
"cockweasel",1
"cockwomble",1
"coffee slurper",1
"coffee snob",1
"commie",1
"common mobile vulgaris",1
"common sneak theif",1
"con man",1
"con merchant",1
"coochie-ass",1
"coomer",1
"cootie face",1
"coprophile",1
"corpsefucker",1
"couch potato",1
"cougar",1
"country bumpkin",1
"cousinfucker",1
"cousin humper",1
"cow",1
"coward",1
"cowardy custard",1
"cowfucker",1
"crab",1
"crackhead",1
"crack whore",1
"crap eater",1
"craphole",1
"crazy woman driver",1
"creep",1
"creeper",1
"cretin",1
"crikey",1
"criminal",1
"crook",1
"crotch",1
"crud",1
"crud head",1
"crybaby",1
"cuck",1
"cuck fluffer",1
"cuckold",1
"culprit",1
"cumbubble",1
"cumbucket",1
"cum burgler",1
"cum dumpster",1
"cumfucker",1
"cum guzzler",1
"cum licker",1
"cumslut",1
"cumstain",1
"cumwipe",1
"cunning linguist",1
"cunt",1
"cuntass",1
"cuntbiscuit",1
"cuntbitch",1
"cuntbreath",1
"cuntface",1
"cunt fart",1
"cuntfucker",1
"cunthead",1
"cuntlicker",1
"cunt muncher",1
"cuntpuddle",1
"cunt rag",1
"cuntshit",1
"cuntsucker",1
"cuntzilla",1
"cuss",1
"custard",1
"daddyfucker",1
"dandiprat",1
"dark prince",1
"daughterfucker",1
"deadhead",1
"Debbie Downer",1
"degenerate",1
"delinquent",1
"demon",1
"dendrophiliac",1
"der-brain",1
"derp",1
"desperado",1
"devil",1
"devil hooch",1
"devil woman",1
"dick",1
"dickass",1
"dickbag",1
"dickbreath",1
"dickcheese",1
"dickface",1
"dick fart",1
"dickfucker",1
"dickhead",1
"dickhole",1
"dickless",1
"dicklicker",1
"dick man",1
"dick mouth",1
"dickshitter",1
"dick sniffer",1
"dicksplash",1
"dick-sucker",1
"dicktard",1
"dicktator",1
"dicktits",1
"dickwad",1
"dickweasel",1
"Dickweed",1
"dildo",1
"dillhole",1
"dill pickle",1
"dim bulb",1
"dimmadumbass",1
"dimwit",1
"ding-a-ling",1
"ding-dong",1
"ding-head",1
"dingleberry",1
"dinglebop",1
"dingus",1
"dipass",1
"dipfuck",1
"dipshift",1
"dirtbag",1
"dirtbrain",1
"dirthead",1
"dirt muncher",1
"dirtwad",1
"dirty bunch",1
"disgrace",1
"div",1
"divvy",1
"dodo",1
"dog",1
"dogbolt",1
"dogbreath",1
"dogfucker",1
"dognapper",1
"dolt",1
"donk",1
"donkey",1
"donkey dick",1
"donkeyfucker",1
"donkeyhole",1
"doodle",1
"doofus",1
"dookie",1
"dope",1
"dopester",1
"dote",1
"dotterel",1
"douche",1
"douche bag",1
"doucheburger",1
"douche canoe",1
"douchefag",1
"douchenark",1
"douche nozzle",1
"douchewad",1
"douchewagon",1
"dracula",1
"dragon",1
"dreamer",1
"drip",1
"drug addict",1
"drug dealer",1
"druggie",1
"druggy",1
"drunkard",1
"duckfucker",1
"dude",1
"duenna",1
"dullard",1
"dumbarse",1
"dumbass",1
"dumbbell",1
"dumb blonde",1
"dumb fucker",1
"dumbo",1
"dum dum",1
"dummy",1
"dunce",1
"duncebucket",1
"dunderhead",1
"dupe",1
"dweeb",1
"dweebling",1
"dyke",1
"earthworm",1
"edgelord",1
"egghead",1
"egohead",1
"egotist",1
"emo",1
"Environment Pants",1
"envirotard",1
"eunuch",1
"evildoer",1
"ex-masturbator",1
"faggot",1
"faggots",1
"fagtits",1
"failed abortion",1
"failure",1
"fairy",1
"faker",1
"fakkfish",1
"fanny",1
"fannyflaps",1
"fantasshole",1
"farmer",1
"fart",1
"fart balls",1
"fartboy",1
"fartbutt",1
"farter",1
"fartface",1
"farthead",1
"fart hole",1
"fartknocker",1
"fartman",1
"fart smeller",1
"fart sucker",1
"fascist",1
"fatass",1
"fat boy",1
"fatface",1
"fatfuck",1
"fat geeze",1
"fat geezer",1
"fathead",1
"fatherfucker",1
"fatherless",1
"fatso",1
"fat-tard",1
"fatty",1
"fauxman",1
"Feetlicks",1
"fellow",1
"fembot",1
"fenderhead",1
"fetus",1
"fib",1
"fibber",1
"fiddle",1
"fiddler",1
"fiend",1
"filth",1
"fink",1
"first time skier",1
"fish",1
"fish fucker",1
"fish killer",1
"fishwife",1
"fixer",1
"flag fucker",1
"flake",1
"flameout",1
"flange",1
"flat-earther",1
"flatfoot",1
"flatterer",1
"fleabag",1
"flip-flopper",1
"fluffy",1
"fon",1
"food snobs",1
"fool",1
"foot-licker",1
"foreskin ripper",1
"forty year old woman",1
"foul mouth",1
"four eyes",1
"fraggle",1
"fraidy cat",1
"frat-boy bitch",1
"fraud",1
"freak",1
"fruitcake",1
"frump",1
"fuck",1
"fuckass",1
"fuckbait",1
"fuckboy",1
"fuckbucket",1
"fucker",1
"fuckface",1
"fuckhead",1
"fuckhole",1
"fucklord",1
"fuck noggin",1
"fucknose",1
"fucknozzle",1
"fuck nugget",1
"fuckrod",1
"fuckshit",1
"fuckskull",1
"fuckstain",1
"fuckster",1
"fucktard",1
"fucktoy",1
"fuck trumpet",1
"fuckweasel",1
"fuckwhistle",1
"fuckwit",1
"fudge packer",1
"fudger",1
"fugly",1
"funpire",1
"furry",1
"futanari",1
"fuzznut",1
"gangster",1
"gaper",1
"garbage",1
"gawk",1
"gaytard",1
"gaywad",1
"geck",1
"geebag",1
"geek",1
"gentleman",1
"gestator",1
"gig",1
"gimp",1
"ginger",1
"gink",1
"girl",1
"girly",1
"git",1
"glut",1
"glut of tv",1
"glutton",1
"glutton for punishment",1
"goblin",1
"gobshite",1
"gold digger",1
"goober",1
"good-for-nothing",1
"goody-goody",1
"Goody Two-Shoes",1
"goof",1
"goofball",1
"goofy",1
"goon",1
"goontard",1
"goose",1
"gooseberry",1
"GoPro Kid",1
"gorilla",1
"gowk",1
"grammar cop",1
"grammar Nazi",1
"grammar police",1
"grandfatherfucker",1
"grandmotherfucker",1
"granny",1
"gravy face",1
"greeniac",1
"grimalkin",1
"grinch",1
"gronk",1
"grouch",1
"grumpy",1
"gubbins",1
"gump",1
"guttermouth",1
"hamster",1
"handfucker",1
"ha'p'orth",1
"hater",1
"headass",1
"he-bitch",1
"helldog",1
"hikikomori",1
"hilding",1
"hillbilly",1
"hippie",1
"Hismomgone",1
"Hitler",1
"Hitlerian",1
"Hitlerite",1
"ho",1
"hoarder",1
"hobbledehoy",1
"hobo",1
"hoe",1
"hog",1
"hoghead",1
"Homer Simpson",1
"homo",1
"homophobe",1
"homophobephobe",1
"honeypot",1
"hoodie",1
"hoodlum",1
"hooker",1
"hooligan",1
"hooplehead",1
"horndog",1
"Hornswaggler",1
"horseface",1
"horsefucker",1
"horse's ass",1
"horse's necktie",1
"hosebag",1
"hoser",1
"human participation award",1
"hussy",1
"hyena",1
"hypocrite",1
"idiot",1
"idiotist",1
"idiot sandwich",1
"idiot savant",1
"idleton",1
"ignoramus",1
"imbecile",1
"inbred",1
"inbreeder",1
"incel",1
"incester",1
"innie",1
"intercourser",1
"jabroni",1
"jackass",1
"jackasshole",1
"jackhole",1
"jackwagon",1
"jagweed",1
"jailbait",1
"jamoke",1
"jeebweezer",1
"jelly",1
"jelly belly",1
"jelly roll",1
"jerk",1
"jerkoff",1
"jerkwad",1
"jerk water",1
"jerkweed",1
"Jesus freak",1
"jit stain",1
"jizzbreath",1
"jizzcock",1
"jizz guzzler",1
"jizz stain",1
"jizzwizard",1
"jock",1
"joker",1
"jokes",1
"jolterhead",1
"jolthead",1
"juggins",1
"junkie",1
"junky",1
"Karen",1
"keener",1
"Ken",1
"Kevin",1
"kevun",1
"keyboard warrior",1
"kiddie fiddler",1
"kiddie fiddler",1
"kidfucker",1
"killjoy",1
"king lesbian",1
"kinkster",1
"klutz",1
"knacker",1
"knee-jerk",1
"knob",1
"knobhead",1
"knobjockey",1
"knucklehead",1
"k-pooper",1
"Kyle",1
"lady of the evening",1
"lamebrain",1
"landwhale",1
"langer",1
"lard",1
"lard butt",1
"lard face",1
"laughing stock",1
"lesbianist",1
"lesbie",1
"lesbo",1
"lessie",1
"lez",1
"lezbo",1
"lezzer",1
"lezzie",1
"lezzo",1
"lezzy",1
"liar",1
"libtard",1
"lickspittle",1
"little buddy",1
"little puke baby",1
"loafer",1
"lobotomite",1
"lodge rat",1
"loser",1
"loudmouth",1
"louse",1
"low-life",1
"lummox",1
"lunatic",1
"lunkhead",1
"lurdane",1
"lush",1
"mackerel",1
"madman",1
"maggot",1
"mamzer",1
"man cunt",1
"man-eater",1
"man-whore",1
"marauder",1
"masochist",1
"meanie",1
"meathead",1
"Meathead Fauncewater",1
"megabitch",1
"megadouche",1
"menstruator",1
"mental midget",1
"midget",1
"milk chugger",1
"milksop",1
"mime",1
"Mingie",1
"minx",1
"Miss Ann",1
"missing link",1
"mistake",1
"Mister Charlie",1
"mistress of all evil",1
"mobster",1
"mofo",1
"Mohambie",1
"mongoose",1
"mongrel",1
"monkeyface",1
"monkeyspank",1
"monster",1
"mooncalf",1
"moron",1
"mother",1
"motherbitch",1
"mother father",1
"motherfucker",1
"mousefucker",1
"mouth breather",1
"Mr. Bungholio",1
"mr hands",1
"Mr. Obsessed",1
"Mrs. Quack-Quack",1
"Mr. Struggle",1
"Mr. Talk",1
"mucky pup",1
"muff diver",1
"mug",1
"muggins",1
"mule",1
"mullet",1
"mullet daddy",1
"mullethead",1
"mumbler",1
"mumpsimus",1
"mung",1
"muppet",1
"mush head",1
"mutant",1
"mutt",1
"nagger",1
"narcissist",1
"nark",1
"nasty pants",1
"naysayer",1
"nazi",1
"neanderthal",1
"Nebbish",1
"neckbeard",1
"necrophiliac",1
"ne'er-do-well",1
"neet",1
"negative Nancy",1
"nephew fucker",1
"nerf herder",1
"niece fucker",1
"nigga",1
"niggas",1
"nigger",1
"niggers",1
"nimrod",1
"nincompoop",1
"ninny",1
"ninnyhammer",1
"nit",1
"nitwit",1
"nobody",1
"non",1
"nonce",1
"noob",1
"noodle",1
"not the sharpest knife in the drawer",1
"numbnuts",1
"numbskull",1
"numps",1
"numpty",1
"numskull",1
"nupson",1
"nut",1
"nutcase",1
"nutjob",1
"nutsack",1
"oaf",1
"oddball",1
"offender",1
"ogre",1
"oinker",1
"old lady",1
"old man",1
"old woman",1
"oompa loompa",1
"orphan",1
"outcast",1
"outlaw",1
"oxygen thief",1
"pack",1
"packrat",1
"pain",1
"pain in the ass",1
"pain in the butt",1
"pain in the neck",1
"panini head",1
"pansy",1
"pariah",1
"party pooper",1
"pavement princess",1
"peasant",1
"pedophile",1
"peehole",1
"peeping tom",1
"penchod",1
"pencil dick",1
"penis butt",1
"penis face",1
"Penis licker",1
"penispuffer",1
"penis sucker",1
"perv",1
"pervert",1
"philanderer",1
"phony",1
"pickle-puss",1
"pickpocket",1
"piece of crap",1
"piece of garbage",1
"piece of junk",1
"piece of shit",1
"piece of trash",1
"piece of work",1
"pie hole",1
"pig",1
"pig-dog",1
"pigfucker",1
"piggy",1
"piggy-wiggy",1
"pig shite",1
"pig slop",1
"pigslut",1
"pikspiller",1
"pilgarlic",1
"pillock",1
"pimp",1
"pimple",1
"pimple face",1
"pinhead",1
"pissbaby",1
"pissbrain",1
"pissbreath",1
"pissface",1
"piss gulper",1
"pisshead",1
"pisskidney",1
"pisskidney",1
"piss monkey",1
"piss pig",1
"pisspot",1
"pisswizard",1
"pissy bitch",1
"pizzaface",1
"pleb",1
"plonker",1
"pooface",1
"poohead",1
"poop",1
"poopeater",1
"pooper",1
"poopface",1
"poopfucker",1
"poop hole",1
"pooplicker",1
"poopy head",1
"poopy pants",1
"porno freak",1
"porn star",1
"potato",1
"pothead",1
"potty head",1
"potty mouth",1
"prat",1
"predator",1
"prick",1
"prickface",1
"primadonna",1
"problem",1
"Professor Environment",1
"Professor Environment Pants",1
"Professor Killjoy",1
"prom night dumpster baby",1
"pro skirt",1
"pseudointellectual",1
"psycho",1
"pube flosser",1
"pudding",1
"pudwhacker",1
"puff",1
"puke",1
"puke baby",1
"puke bag",1
"pukeball",1
"pukeface",1
"pulp gulper",1
"pumpkin eater",1
"punk",1
"punkass",1
"punter",1
"puppet",1
"pus licker",1
"pussy",1
"pussyboy",1
"pussyfucker",1
"pussy pisser",1
"pussy sucker",1
"puta",1
"pyramidiot",1
"quack",1
"quat",1
"queef",1
"queef cookie",1
"queer bait",1
"querulant",1
"quim",1
"quitter",1
"raasclaat",1
"rabbitfucker",1
"ranga",1
"rascal",1
"rat",1
"ratcatcher",1
"ratfink",1
"ratfucker",1
"rectal semen splooge",1
"rectal wart",1
"redneck",1
"reject",1
"renegade",1
"reprobate",1
"retard",1
"retarded",1
"riff-raff",1
"riot",1
"roaster",1
"robber",1
"robot",1
"rock whore",1
"rogue",1
"roue",1
"roughneck",1
"rowdy",1
"rudesby",1
"ruffian",1
"rug muncher",1
"ruler of the weak",1
"Rumpleforeskin",1
"runt",1
"sadist",1
"saggy fuck",1
"saprophyte",1
"sausage-masseuse",1
"scaredy-cat",1
"scene boy",1
"schlimazel",1
"schlub",1
"schmo",1
"schmuck",1
"scobberlotcher",1
"scoozie",1
"scoundrel",1
"screw",1
"screw up",1
"scrote",1
"scrotum licker",1
"scrotum-sucker",1
"scuddle butt",1
"scum",1
"scumbag",1
"scumbreath",1
"scumbutt",1
"scumface",1
"scumfuck",1
"scumhead",1
"scumlord",1
"scumwad",1
"scuzzbag",1
"scuzzball",1
"scuzzbucket",1
"scuzzoid",1
"seedling of satan",1
"see you next Tuesday",1
"serf",1
"sewer rat",1
"sex maniac",1
"sexter",1
"shark",1
"sharmuta",1
"she-devil",1
"sheepfucker",1
"sheepshagger",1
"shemale",1
"she-ogre",1
"shill",1
"shit",1
"shitass",1
"shitbag",1
"shitball",1
"shitbird",1
"shitbrain",1
"shitbreath",1
"shitbucket",1
"shitbum",1
"shitcunt",1
"shitdick",1
"shite",1
"shit-eater",1
"shitehawk",1
"shitface",1
"shit-for-brains",1
"shitfuck",1
"shitfucker",1
"shitgoblin",1
"shithead",1
"shithouse",1
"shitizen",1
"shitkicker",1
"Shitler",1
"shitlord",1
"shitmagnet",1
"shitneck",1
"shitnugget",1
"shitpicker",1
"shitpiss",1
"shitpot",1
"shitpouch",1
"shitpuddle",1
"shitsack",1
"shitshow",1
"shit sniffer",1
"shit stain",1
"shitter",1
"shitty titty",1
"shitty titty jelly belly",1
"shitweasel",1
"shmekl",1
"show off",1
"shrew",1
"shuzzbutt",1
"shyster",1
"sibling fucker",1
"sick",1
"silly king-a",1
"simp",1
"simpleton",1
"sissy",1
"sisterfucker",1
"sister humper",1
"skank",1
"sket",1
"skinflint",1
"skirt-chaser",1
"skite",1
"skullfucker",1
"skunk",1
"skunkfucker",1
"slacker",1
"slag",1
"slaphead",1
"slave",1
"sleaze",1
"sleazebag",1
"sleazeball",1
"sleazewad",1
"sleeze",1
"sleeze bag",1
"slimeface",1
"slob",1
"slut",1
"slutbag",1
"slutfucker",1
"sluthead",1
"smell-feast",1
"smellfungus",1
"smooth brain",1
"smughead",1
"snail",1
"snake",1
"snapperhead",1
"sneak",1
"sneakerhead",1
"sneak theif",1
"snob",1
"snollygoster",1
"snot",1
"snotball",1
"snotface",1
"snothead",1
"snot nose",1
"snotwad",1
"snowflake",1
"so-and-so",1
"SOB",1
"softhead",1
"son of a biscuit",1
"son of a bitch",1
"son of a bucket",1
"son of a gun",1
"son of a jackal",1
"son of a monkey",1
"son of a motherless goat",1
"son of a mother trucker",1
"son of a nutcracker",1
"son of a sea-cook",1
"son of a silly person",1
"son of a whore",1
"son of Lucifer",1
"son of satan",1
"son of stench",1
"son of the devil",1
"sot",1
"sourhead",1
"sourpuss",1
"sow",1
"soy boy",1
"spack",1
"spammer",1
"sped",1
"sphincter",1
"spider",1
"splenetic",1
"splooge moose",1
"spotted hyena",1
"square",1
"Squeaker",1
"squib",1
"squid brain",1
"stan",1
"stealer",1
"stick in the mud",1
"stink cunt",1
"stinker",1
"stinkhole",1
"Stinky McPoopPants",1
"straggot",1
"strawberry",1
"stupidhead",1
"sucker",1
"swindler",1
"swine",1
"swinger",1
"sycophant",1
"tabby cat",1
"taint hair",1
"taint sniffer",1
"tard",1
"tarter",1
"tattletale",1
"teacher's pet",1
"TERF",1
"terrorist",1
"thickhead",1
"thief",1
"Thing One",1
"Thing Two",1
"thot",1
"thotpocket",1
"threat",1
"throat-slitter",1
"thug",1
"thundercunt",1
"tit",1
"titbag",1
"tithead",1
"titty burgers",1
"titty jelly belly",1
"toad",1
"toady",1
"todger",1
"toe eyed cabbage",1
"toenail",1
"toe-sucker",1
"toilet baby",1
"toots",1
"tosser",1
"tosspot",1
"trailer trash",1
"traitor",1
"tramp",1
"tranny",1
"transbian",1
"trash",1
"trash bag",1
"tree hugger",1
"tripper",1
"troglodyte",1
"troll",1
"trollface",1
"trolltard",1
"troublemaker",1
"tub of lard",1
"turd",1
"turdball",1
"turdbucket",1
"turd burger",1
"turd burglar",1
"turd cutter",1
"turdfucker",1
"turd hound",1
"turdpile",1
"turkey",1
"twat",1
"twat face",1
"twattock",1
"twatwaffle",1
"twerp",1
"twink",1
"twit",1
"twitter feminist",1
"twunt",1
"tyrant",1
"tyre biter",1
"ugly face",1
"unclefucker",1
"underperson",1
"unseasoned cabage",1
"urchin",1
"vagina cleaner",1
"vaginal belch",1
"vagina-owner",1
"vampire",1
"vampire bat",1
"vandal",1
"vantz",1
"varmint",1
"vaxhole",1
"vegetable",1
"vermin",1
"vexer",1
"vidiot",1
"vine sucker",1
"Vinnie",1
"vixen",1
"vonce",1
"vulgaris",1
"vulva owner",1
"wacko",1
"wallflower",1
"wally",1
"wanker",1
"wankface",1
"wank stain",1
"wantwit",1
"wart",1
"wasbian",1
"waste",1
"waste of oxygen",1
"wazzock",1
"weakling",1
"weasel",1
"weeaboo",1
"weeb",1
"weed",1
"weeze bag",1
"weirdo",1
"welfare queen",1
"wet",1
"whiner",1
"white rat",1
"whore",1
"whore bag",1
"whorefucker",1
"whore's-bird",1
"whoreson",1
"willy",1
"wimp",1
"windfucker",1
"window licker",1
"windsucker",1
"wino",1
"wit",1
"witch",1
"woketard",1
"woman of the evening",1
"wommy",1
"woo woo",1
"worm",1
"wretch",1
"wrongdoer",1
"wuss",1
"xeniatrophobe",1
"xenomaniac",1
"xenomonophobe",1
"xenophile",1
"xenophobe",1
"xyrophobe",1
"yahoo",1
"yampy",1
"yes-man",1
"yeti",1
"yiffer",1
"yonker",1
"yo-yo",1
"yuck",1
"yutz",1
"zebrafucker",1
"zitface",1
"zoophile",1
"zounderkite",1
